24N12,509
3N34 5N12,452
24T23,399
6N1234,340
25N34,309
3N1234,288
3T45 5T23,279
46N34,270
24M12,268
5N1234,266
2N1234,257
4T2345,256
24N34,256
4N1234,256
35N12,252
35T45,251
24T45,251
35T23,248
46M34,232
46T45,231
36N12,229
3N12 5N34,212
5T2345,209
25T45,208
6M2345,204
3T23 5T45,203
3M34 5M12,195
2N12 4N34,191
2T2345,187
2N34 4N12,185
4M2345,183
6T2345,180
35M45,179
36M12,174
35N34,167
5M2345,164
35M34,160
4N34 6N12,157
25M34,151
35M12,146
3T2345,145
3M2345,139
4M345,139
6M1234,135
5M1234,134
46N12,130
36T23,128
4M1234,125
35M23,124
4N12 6N34,124
3M1234,122
3T345,122
3N12,112
46T23,112
3N34,106
3M345,105
3T45,104
4T345,103
2M345,99
24M34,98
3T23,98
2M2345,93
4T23,93
7M2345,91
3M45 5M23,87
5M123,86
5T23,86
5N34,86
6M123,86
4N34,85
4N12,84
3M23 5M45,82
6N12,82
2N12 3N34,82
46M45,78
4T45,78
2T345,77
2M1234,76
2N34,76
6T23,76
24M45,74
23N12,74
2T23 4T45,73
6M12,72
3N12 6N34,72
2T45,72
56N12,72
5N12 6N34,71
2T45 4T23,71
7M1234,70
5N34 6N12,70
2N12 5N34,69
56N34,69
3M12,69
2N34 3N12,68
25N12,68
5M12,67
5T123,66
56T45,65
6N34,65
7T23,65
36T45,64
4M12,63
6T1234,62
2T1234,62
25T23,62
2N12,62
4N34 5N12,61
36N34,61
56T23,61
5T45,60
24T12,60
3M34  3T23,59
2M45 4M23,58
46M12,58
3N34 6N12,58
5N12,56
4M123,56
3T123,56
23T45,55
4M34,55
2T123,55
2N34 5N12,54
3T1234,54
23N34,54
23M12,54
4T23 6T45,53
6T123,52
5M345,52
4M45 6M23,49
4M45,49
23M45,48
23T23,48
45N12,48
2T23 5T45,48
2M45 4M12,47
5T1234,47
36M45,47
24M23,47
3M123,46
4M12 6M34,45
5M34,45
34T45,44
2M23 4M45,44
35T12,42
4T45 6T23,41
4M23,40
34N12,39
6M345,39
4T1234,38
7M23,38
2M123,38
7M12345  7T12345,36
3M45,36
2M34 4M12,36
2M34,35
45T45,34
36M23,34
3M23,34
45N34,34
3N12 4N34,34
4N12 5N34,33
5M45,33
4M23 6M45,33
5T12,32
6M45,32
46M23,32
6M12  3T23,32
3M34,32
6T45,31
7T2345,30
3T12 5T34,30
56M45,30
35T34,29
2T12 6T23,29
7M12,29
3T23 4T45,28
6M34,28
4T12,28
56M34,28
7T1234,28
2M34 3M12,28
4M34 6M12,28
5M12 6M45,28
2T34,28
45M45,27
2T45 3T23,27
24T34,27
4T45 5T23,27
34M12,27
56M12,27
36M34,27
2T12,26
25M12,26
2T5,26
4T123,25
2T45 5T23,25
46T12,24
3M34  4T45,24
3M12  4T45,24
4M12  5T45,23
2T23 4T12,23
45T23,23
56M23,23
2M123 6M12,23
2N12 6N34,23
3T1245,23
5M1245,23
3M12 6M34,22
3M12 5M34,22
2M345  5T23,22
4M12 5M45,22
3T34 5T12,22
2M12,22
45M12,22
45M34,21
2M45  4T45,21
4T34,21
4T23 5T45,21
2T23 3T45,21
3M34 6M12,21
23M34,21
34N34,21
2M12 6M45,20
5T45 6T23,20
23M23,20
5M23,20
3T12,19
2M45 6M12,19
5T12 6T23,19
4M34  5T45,19
5T345,19
2M34 5M12,19
2T123 4T12,18
45M23,18
7M12345  7T12345  6N1234,18
3T12 5T45,18
25M45,18
4M34  4T12,18
4T34 6T12,18
2T45 3T12,18
36T12,18
2T12 4T34,18
4M12  2T45,18
4M12 5M34,18
25M12345 4M2345  6T12345 (21/05/2018 - 17/09/2018),17
23456M2345  2356T2345 (21/05/2018 - 25/05/2018), 5M12345  4T12345 (28/05/2018 - 17/09/2018),17
3M12 5M45,17
4M45 5M23,17
3M45 4M23,17
26M45 3M12345  4T12345 56T45 (26/06/2017 - 23/10/2017),17
2M34 6M45,17
2M45 4M34,17
4M34  5T12,17
5T34,17
2M45  4T23,17
2M123 5M34,17
5M12 6M34,17
4T23 5T12,17
2M45,17
3M12  2T45,17
34M23,16
3N34 4N12,16
2M12  3T23,16
3M45  5T45,16
4M1234 6M12  26T1234 5T45 (03/07/2017 - 23/10/2017),16
23M12345  6T12345 (22/10/2018 - 23/03/2019),16
6M23,16
45M1234 6M2345 (20/11/2017 - 19/04/2018),16
245T12345 (22/10/2018 - 23/03/2019),16
2M45 3M23,16
7T12,16
245T12345 (21/05/2018 - 17/09/2018),16
34T23,16
2M34  4T23,16
2M23 6M45,16
3M23 4M34,16
2M345 3M45,15
5M23  5T45,15
3T45 6T23,15
46M345,15
5M23  6T34,15
3M12  3T45,15
5M234,15
6T345,15
3T23 6T45,15
6M34  4T45,15
7M45,15
3M34 6M45,15
2M12 5M1234  2T12345 5T12 (26/06/2017 - 23/10/2017),14
5M45  4T23,14
5M12  2T23,14
6M12  3T45,14
3T234,14
2M345  2T23,14
5M34 6M45,14
2M12 4M1234  2T12345 5T12 (26/06/2017 - 23/10/2017),14
4T12 6T34,14
2M12 4M34,14
2T23,14
3M12345  456T12345 (22/10/2018 - 23/03/2019),14
5M34  4T23,14
6M12  2T23,14
46M12345  25T12345 (21/05/2018 - 17/09/2018),14
5M45 6M23,13
3M45 4M12,13
4M234,13
4M2345 (13/03/2017 - 15/07/2017),13
5N1,13
3M12 4M45,13
25M23,13
4T234,13
245M12345  6T12345 (22/10/2018 - 23/03/2019),13
4M12  5T23,13
5M34  4T2345,13
3T34,13
23456M1234  2356T1234 (26/06/2017 - 30/06/2017), 6M45  4T1234 5T12 (03/07/2017 - 23/10/2017),13
2M45  5T45,13
3M45  4T45,13
2M12  4T34,13
6T12,13
2M45  6T45,13
2T2,13
5M45  2T45,13
4M34  2T45,13
2M12  4T45,13
2M12 5M34,13
456M12345 (22/10/2018 - 23/03/2019),12
4M2,12
2M1234 3M12345  6T2345 (20/11/2017 - 19/04/2018),12
456M12345 (21/05/2018 - 17/09/2018),12
3M234,12
3M23  4T45,12
46M2345  2T2345 5T12345 (20/11/2017 - 19/04/2018),12
46T34,12
4N1,12
2M12 3M1234 6M45  24T1234 (23/01/2017 - 25/05/2017),12
2T45 5T345,12
3M12345  45T12345 6T2345 (21/05/2018 - 17/09/2018),12
2M34  4T45,12
23T12345 (22/10/2018 - 23/03/2019),12
7N1234,12
3T45 5T12,12
4M12  2T23,11
23456M2345 (10/01/2011 - 04/02/2011),11
2M12  5T45,11
5M23 6M45,11
23456M2345,11
7M123,11
3N34 5N12 (28/02/2011 - 01/07/2011),11
2T12 4T45,11
6M12  3T2345 6T12 (23/01/2017 - 25/05/2017),11
3M45 5M34,11
2T12345 3T2345 (20/11/2017 - 19/04/2018),11
2M345  4T12,11
2M12345 3M2345  45T2345 (20/11/2017 - 19/04/2018),11
2M345 4M12,11
6N123,11
3M34 5M45,11
2T12 5T34,10
67M34,10
5M34 6M12,10
6T34,10
36N12 (28/02/2011 - 01/07/2011),10
6M34  5T23,10
3T345 5T12,10
3T34 6T12,10
2M123 6M45,10
25M1234  3T1234 (03/07/2017 - 23/10/2017),10
7M12  3N34 5N12,10
4M345 5M12,10
2M23 4M34,10
36T34,10
36M12345 (22/10/2018 - 23/03/2019),10
2M12345  3T12345 (21/05/2018 - 17/09/2018),10
2M34  5T45,10
36M12345 (21/05/2018 - 17/09/2018),10
67T12,10
5M12345  4T12345 (22/10/2018 - 23/03/2019),10
6M45  6T23,10
46M12345  25T12345 (22/10/2018 - 23/03/2019),10
23M12345  6T12345 (28/05/2018 - 17/09/2018),10
5M1245  4T2345 (20/11/2017 - 19/04/2018),10
3M345 4M5,9
2M5 5M345,9
2M23,9
4M45 6M12,9
4N1 (07/08/2017 - 09/12/2017),9
4M23  2T45,9
4M2345 (13/08/2018 - 14/12/2018),9
23T34,9
3M345  5T345,9
34M45,9
4M12  3T345,9
2M23 5M45,9
7M34,9
5M12  4T2345,9
6M12  3T1234 6T12 (26/06/2017 - 23/10/2017),9
7M2345  7T12345  6N01234,9
7M12345  7T12345  6N01234,9
4T12345 (19/02/2018 - 22/06/2018),9
35M1234  3T1234 (03/07/2017 - 23/10/2017),9
4M34 5M23,9
2M45 4M1234  5T1234 6T45 (23/01/2017 - 25/05/2017),8
24M1  24T5,8
2T12 3T45,8
7M12345  6T5 7T12345  6N1234,8
6M2345 (13/03/2017 - 15/07/2017),8
67M12,8
3M12 4M34,8
6M23  6T23,8
4M23  2T23,8
5M45  5T23,8
3M23 5M12,8
6M34  2T23,8
4M12  5T12,8
2M12  6T45,8
4M23 5M45,8
34T12,8
23456M2345  2356T2345 (18/07/2016 - 23/07/2016), 2M123  3T2345 5T23 (24/07/2016 - 22/11/2016),8
2M45 5M23,8
3M45 6M23,8
3T12 6T34,8
2M345  4T45,8
2T123 3T1,7
2T12 4T23,7
3M12 6M45,7
3N34 5N12 (08/08/2011 - 09/12/2011),7
5M345  5T34,7
24N12 (28/02/2011 - 01/07/2011),7
7T24,7
7M2345  7T123  6N1234,7
2T34 4T12,7
4M4,7
6M12  5T45,7
23T12,7
3M12  5T45,7
4N1234 (28/02/2011 - 01/07/2011),7
5M345  5T12,7
3M23 4M45,7
25N34 (28/02/2011 - 01/07/2011),7
4M23  3T23,7
26N12,7
2T12 6T34,7
46T1234,7
34M34,7
3M45  5T23,7
234567M123,7
5M345  2T23,7
23456M1234,7
4M12  5T345,7
2M123 6M34,7
3M45 6M34,7
35M123,7
2M45 6M23,6
3M345 5M12,6
24M12 (28/02/2011 - 01/07/2011),6
3M345  3T45,6
3M45 5M12,6
4M34  3T12,6
7M12345  7T12345 (28/02/2011 - 01/07/2011),6
3M45  5T12,6
4T2345 (13/03/2017 - 15/07/2017),6
2M345  4T23,6
5T23 6T45,6
23456N1234,6
2T34 5T12,6
4N123,6
3M345  4T45,6
57M1234  567T1234,6
2M34  4T12,6
7M2345  7T12345  6N1234,6
24T23 (28/02/2011 - 01/07/2011),6
2M234,6
2M12 4M45,6
7T45,6
34T34,6
3M45  6T23,6
2M23 3M45,6
45M12345,6
2T23 5T12,6
4M45  5T45,6
3M34  2T23,6
7N12,6
35T1234 (22/10/2018 - 23/03/2019),6
4M34  2T23,6
26N34,6
46N34 (28/02/2011 - 01/07/2011),6
3M23  2T23,6
26M45,6
4M12  4T12,5
4M34 6M45,5
4T12345,5
7M23  6N34,5
6M2345  246T2345 (25/07/2016 - 22/11/2016),5
23456M123,5
6M45  5T23,5
6M2345 (07/08/2017 - 15/12/2017),5
7M2345  6N1234,5
35T1234,5
45T12,5
2M23 5M12,5
2M12  5T345,5
2N34 6N12,5
57M2345,5
4M34 5M345,5
5N1234 (28/02/2011 - 01/07/2011),5
3N1234 (28/02/2011 - 01/07/2011),5
35T1234 (21/05/2018 - 17/09/2018),5
6M2345 (19/02/2018 - 22/06/2018),5
4M2345  246T2345 (25/07/2016 - 22/11/2016),5
5M12  4T23,5
2M12 (06/08/2018 - 14/12/2018),5
2T234,5
3M3 5M123,5
6M2345 (13/08/2018 - 14/12/2018),5
6M123  4T23,5
2M12345,5
2T2345 (13/03/2017 - 15/07/2017),5
24T345,5
3T345 5T45,5
2M45 34M2345  5T45 (25/07/2016 - 22/11/2016),5
5M45  3T45,5
4T2345 (19/02/2018 - 22/06/2018),5
3T345 5T34,5
3M34  2T45,5
25T34,5
2M1234  2T1234,5
5M45  3T34,5
46M2345,5
2N1234 (28/02/2011 - 01/07/2011),5
4T2345 (13/08/2018 - 14/12/2018),5
6T234,5
6N1234 (28/02/2011 - 01/07/2011),4
6M34  5T12,4
7M12  2N34 4N12,4
5M45  3T23,4
4M45  2T23,4
6M1234  6T1234,4
4N12 6N34 (08/08/2011 - 09/12/2011),4
7M2345  6T2345,4
4M12 5M345,4
23T12345,4
3M123  2T45,4
5M45  3T12,4
34M1  34T5,4
56N1234,4
2M12 (13/08/2018 - 14/12/2018),4
46M123,4
2N123,4
3T45 5T23 (28/02/2011 - 01/07/2011),4
2M345  3T45,4
24T23 (08/08/2011 - 09/12/2011),4
24N12 (08/08/2011 - 09/12/2011),4
2M45 5M12,4
3M23 6M45,4
2T2345 (13/08/2018 - 14/12/2018),4
5N123,4
26T2345,4
2M12 3M34,4
23456M5  23456T1  7N34 (08/08/2011 - 09/12/2011),4
2M45 3M12,4
2M23  5T45,4
3M345 4M3,4
4M34 5M12,4
56T1234,4
67N1234,4
2T23 6T45,4
3T2345 (13/03/2017 - 15/07/2017),4
2M45 36M2345  5T45 (25/07/2016 - 22/11/2016),4
5M4,4
4M45  3T45,4
6T2345 (13/08/2018 - 14/12/2018),4
35M12 (28/02/2011 - 01/07/2011),4
3M345 5M45,4
2M45 5M34,4
4T2345 (07/08/2017 - 09/12/2017),4
35M1  35T5,4
5T234,4
4T12 5T45,4
7M45  5N34,4
3N12 5N34 (08/08/2011 - 09/12/2011),4
3M1342,4
3T2345 (13/08/2018 - 14/12/2018),4
3M34 5M12 (28/02/2011 - 01/07/2011),4
5T45 6T12,4
2M45 5M1234  5T1234 6T45 (23/01/2017 - 25/05/2017),4
3M45  2T45,4
35M34 (28/02/2011 - 01/07/2011),4
3T123 6T12,4
45M5,4
4M45  4T23,4
5M1  5T5,4
3T34 4T12,4
5T2345 (19/02/2018 - 22/06/2018),4
4M2345 (19/02/2018 - 22/06/2018),4
4M1  4T5,4
3M1  3T5,4
5M2345 (13/08/2018 - 14/12/2018),4
4M1234  6T1234,4
23456T234,4
6M1  6T5,4
5M345  5T1,4
6M45  3T45,4
4T2345 (05/03/2018 - 22/06/2018),3
7M34  3N12 5N34,3
6M45  4T23,3
6M23  5T23,3
6M45  3T34,3
26M23,3
2M45 5M1234  5T1234 6T45 (23/01/2017 - 22/05/2017),3
3M3 4M123,3
2T12 5T45,3
5M45  4T45,3
2N234,3
5M45  6T2345,3
5M2345 (19/02/2018 - 22/06/2018),3
2N1234 (08/08/2011 - 09/12/2011),3
7M1  24N12,3
67T34,3
7M234,3
2T45 4T23 (08/08/2011 - 09/12/2011),3
4T45 5T12,3
4M23  2T12,3
7T123,3
35N1234,3
3M12 6M23,3
4M45  2T12,3
4M2345 (07/08/2017 - 09/12/2017),3
4M123  2T45,3
2M45  3T45,3
6M2345  7T2345,3
36T1234 (07/08/2017 - 09/12/2017),3
3M345  2T45,3
4T2345 (21/08/2018 - 21/12/2018),3
7M2345  4T2345,3
3M1  3T5  4N12,3
56T34,3
67M2345,3
24M12 (08/08/2011 - 09/12/2011),3
67M12345,3
2T45 4T12,3
25N34 (08/08/2011 - 09/12/2011),3
5M23  3T34,3
5M2345 (07/08/2017 - 09/12/2017),3
5M1  5T5  3N12,3
7M12  6T12 (16/08/2010 - 17/12/2010),3
4N1234 (08/08/2011 - 09/12/2011),3
6T2453,3
2T45  2N12,3
24T45 (28/02/2011 - 01/07/2011),3
2T2345 5T23,3
6M5,3
3M34 4M12,3
7M1  36N12,3
3N12 5N34 (28/02/2011 - 01/07/2011),3
5M23  3T12,3
234567M123 (04/01/2010 - 13/02/2010),3
3M45 5M23 (08/08/2011 - 09/12/2011),3
2T12 (07/08/2017 - 09/12/2017),3
2M34 6M12,3
4M12345,3
3N1234 (08/08/2011 - 09/12/2011),3
6M4,3
4M34  3T23,3
2M345 5M12,3
3M4,3
4M34  4T23,3
35M34 (08/08/2011 - 09/12/2011),3
3M1234  3N1234,3
3T1234 (13/08/2018 - 14/12/2018),3
2M345 4M34,3
36M2345,3
3M2345 (19/02/2018 - 22/06/2018),3
47M2345,3
7M12345  7T12345  26N1234,3
3T3452,3
2M2345 (05/03/2018 - 22/06/2018),3
2M34  2T45,3
4M12  6T45,3
7M23  5N12,3
3T5 4T345,3
5M2345 (13/03/2017 - 15/07/2017),3
5M12345,3
23456T2345,3
3T45  3N12,3
37M234,3
7M45  6N12,3
5M23  5T23,3
4M1  4T345,3
7T23 (16/08/2010 - 17/12/2010),3
45N1234,3
3M2345 (13/03/2017 - 15/07/2017),3
35T1234 (20/11/2017 - 19/04/2018),3
4M45  2T123,3
3M23 5M45 (08/08/2011 - 09/12/2011),3
5M23  4T23,3
34N12 5N1234,3
6M2345 (05/03/2018 - 22/06/2018),3
5M12  3T23,3
34M12345,3
4T2345 (08/08/2011 - 09/12/2011),3
2M1  2T5,3
5T12 6T34,3
6M12345,3
36N12 (08/08/2011 - 09/12/2011),3
5M1234  2T1234,2
2M123 3M5,2
36M2345 (07/08/2017 - 09/12/2017),2
4M1234  6T1234 (20/11/2017 - 19/04/2018),2
23456M345  23456T1234 (07/05/2018 - 11/05/2018),2
3M23  3T23,2
4M2345  7T2345,2
5T23 (13/03/2017 - 15/07/2017),2
7M1234  7T1234,2
7T34,2
67T45 (15/10/2010 - 18/12/2010),2
4M12 6M45,2
7N34,2
5M34  3T45,2
3M5,2
6M1234 (08/08/2011 - 09/12/2011),2
4M5,2
6M2345  3T2345,2
6M12  6T45,2
4M12  3T12,2
5T2345 (07/08/2017 - 15/12/2017),2
67M45,2
2T12 4T123,2
4M45  2T45,2
2M2345 (07/08/2017 - 09/12/2017),2
35M2345 (17/04/2017 - 16/06/2017),2
3M45  3T45,2
6M45  5T34,2
4T2345 7T1234,2
23M1122334455  6T1122334455 (28/05/2018 - 17/09/2018),2
3M12  3T12,2
4M12 5M23,2
5M45  6T12,2
3M234 (13/08/2018 - 14/12/2018),2
3M2345  3T1234,2
4T45 6T12,2
3N123,2
5T123 (28/02/2011 - 01/07/2011),2
4M45 6M23 (28/02/2011 - 01/07/2011),2
4M345  6T123,2
5M12  3T345,2
35T2345 (23/11/2017 - 07/12/2017),2
6M2345  6T1234,2
4M23  3T45,2
23456N123,2
6T345 7T34,2
4M1234  2N1234,2
34M23 (13/03/2017 - 15/07/2017),2
2345T2345 6T345,2
2M5,2
4M1 6M123,2
6T2345 (16/08/2010 - 17/12/2010),2
2T34 3T12,2
4M345 (28/02/2011 - 01/07/2011),2
3M12345,2
7M12  6T12,2
6M1234  2T1234,2
4T23 (08/08/2011 - 09/12/2011),2
2M123 4M1,2
3T2345 (07/08/2017 - 15/12/2017),2
6M2345 (21/09/2018 - 21/09/2018), 6M2345 (26/10/2018 - 26/10/2018),  4T2345 (31/10/2018 - 31/10/2018), 5M2345 (22/11/2018 - 22/11/2018),  56T2345 (29/11/2018 - 30/11/2018),2
2M345 4M45,2
7M2345 (05/03/2018 - 22/06/2018),2
7M3  4N34 6N12,2
6T1,2
4M2345 (05/03/2018 - 22/06/2018),2
3M345 4M1,2
2M34 3M345,2
6M2345  2T2345,2
2T12345,2
24M34 (28/02/2011 - 01/07/2011),2
4T1234 (13/08/2018 - 14/12/2018),2
2T2345 5T45,2
4M45 (08/08/2011 - 09/12/2011),2
34M12345 (21/08/2018 - 26/09/2018),2
6M345  6T1,2
2N12 (08/08/2011 - 09/12/2011),2
3T12345,2
4M23 (08/08/2011 - 09/12/2011),2
26T23,2
6M45  3T23,2
36N12 (16/08/2010 - 17/12/2010),2
7M12345  7T1,2
3N12 6N34 (16/08/2010 - 17/12/2010),2
3T45 5T23 (08/08/2011 - 09/12/2011),2
4M12  4T45,2
24M1234  24T1234 (13/03/2017 - 26/05/2017),2
47M345,2
2T23 (13/03/2017 - 15/07/2017),2
2M2345  2T1234,2
46T23 (28/02/2011 - 01/07/2011),2
2M23  4T23,2
2T2345 (19/02/2018 - 22/06/2018),2
3T2345 (01/08/2016 - 03/12/2016),2
34N1234,2
3T345 (28/02/2011 - 01/07/2011),2
36T1234 (22/10/2018 - 23/03/2019),2
7M2345 (13/03/2017 - 15/07/2017),2
7T12  6N12 (04/01/2010 - 13/02/2010),2
2T12 6T45,2
2M45  5T23,2
4N1234 (13/08/2018 - 14/12/2018),2
2M4,2
3T1 5T123,2
3N34 5N12 (16/08/2010 - 17/12/2010),2
5M23  4T34,2
6M45  6T45,2
56T12,2
5T45  5N12,2
2M45  6T45 (16/08/2010 - 17/12/2010),2
4M1234 (16/08/2010 - 17/12/2010),2
234567M12345  234567T12345 (13/08/2018 - 18/08/2018),2
5M34 6M23,2
5M1234 (13/03/2017 - 15/07/2017),2
4M12345 (24/10/2016 - 18/02/2017),2
4T2345 5T23,2
4M45 5M34,2
46M34 (28/02/2011 - 01/07/2011),2
35T123,2
67M34 (02/07/2010 - 18/09/2010),2
6T45  3N12,2
23N12 (13/08/2018 - 14/08/2018),  56N12 (16/08/2018 - 17/08/2018),  23N12 (20/08/2018 - 21/08/2018),  6N12 (24/08/2018 - 24/08/2018), 3M345 (28/08/2018 - 14/12/2018),2
5M3 6M123,2
6M1234 (13/08/2018 - 14/12/2018),2
3M45  4T23,2
7M12  56N34,2
27N1234,2
5M2345 (07/08/2017 - 15/12/2017),2
4M345 (08/08/2011 - 09/12/2011),2
3M234 (01/08/2016 - 03/12/2016), 3M234 (04/12/2016 - 30/12/2016),2
7M34  6T34 (16/08/2010 - 17/12/2010),2
2M345 4M3,2
5T2345 (08/08/2011 - 09/12/2011),2
3456M2345 (16/11/2016 - 24/11/2016),2
4T23 6T45 (08/08/2011 - 09/12/2011),2
3M1234  5T1234,2
2M23 3M12,2
4T2345 (07/08/2017 - 15/12/2017),2
3M34  5T23,2
3M5  3T5,2
4M12  3T23,2
46M1234 (01/08/2016 - 03/12/2016),2
5T3,2
4M1234  4T1234,2
6M23  5T45,2
6T2345 (07/08/2017 - 09/12/2017),2
25T23 (16/08/2010 - 17/12/2010),2
345M12345  345T12345 (28/11/2017 - 30/11/2017),2
6M23  4T45,2
4M2345  4T2345,2
2T45 6T23,2
2M34 4M123,2
2T45 (13/03/2017 - 15/07/2017),2
5M1234 (13/08/2018 - 14/12/2018),2
3M23  2N12,2
25N34 (16/08/2010 - 17/12/2010),2
2M45  4T45 (16/08/2010 - 17/12/2010),2
3M2345 (13/08/2018 - 14/12/2018),2
2M45  5T45 (16/08/2010 - 17/12/2010),2
6T1234 (07/08/2017 - 09/12/2017),2
36M2345 (09/03/2018 - 30/06/2018),2
3M34 5M12 (16/08/2010 - 17/12/2010),2
2M123 5M45,2
5M34  6T12,2
36T1234 (09/03/2018 - 30/06/2018),2
3M1 5M23  3T5,2
2T2345 (08/08/2011 - 09/12/2011),2
3M345 (07/08/2017 - 09/12/2017),2
3M1 5M45  3T5,2
7T34 (16/08/2010 - 17/12/2010),2
2M34  3T23,2
3M123 5M12,2
5T2345 (13/08/2018 - 14/12/2018),2
7T45  6N34 (04/01/2010 - 13/02/2010),2
7M2345  6T1234,2
45T2345,2
5M1234  5T1234,2
6M234,2
5N34 (08/08/2011 - 09/12/2011),2
3M12 5M23,2
35T23 (28/02/2011 - 01/07/2011),2
57T1234,2
5M5  5T5,2
6T23 (13/03/2017 - 15/07/2017),2
25M34 (28/02/2011 - 01/07/2011),2
36M34 (28/02/2011 - 01/07/2011),2
3M34 4M45,2
7M23  6T23,2
4M5  4T5,2
23456N123 (03/01/2011 - 21/01/2011),2
46M12 (28/02/2011 - 01/07/2011),2
23M1  23T5,2
6T23  2N12,2
4M213,2
5M2345 (05/03/2018 - 22/06/2018),2
2T2345 (13/03/2017 - 16/05/2017),  3T2345 (17/05/2017 - 15/07/2017),2
2T2345 (28/02/2011 - 01/07/2011),2
5T3452,2
4N34 6N12 (08/08/2011 - 09/12/2011),2
6M12345 (24/10/2016 - 18/02/2017),2
5T2345 (13/03/2017 - 15/07/2017),2
56M5,2
6T45  6N12,2
3T2345 (19/02/2018 - 22/06/2018),2
3T2345 (07/08/2017 - 09/12/2017),2
5M2345 (27/03/2017 - 15/07/2017),2
3T45 4T23,2
35M12 (08/08/2011 - 09/12/2011),2
24M12 (16/08/2010 - 17/12/2010),2
3M45  3T12,2
5T45  6N12,2
5T2345 (07/08/2017 - 09/12/2017),2
36T23 (08/08/2011 - 09/12/2011),2
6M3412,2
3T23 5T45 (08/08/2011 - 09/12/2011),2
7M12  5N12 6N34,2
3N12 6N34 (08/08/2011 - 09/12/2011),2
5M2345  7T1234,2
4M45  6T45,2
3M23  5T45,2
23M12 (28/02/2011 - 01/07/2011),2
23456M234  23456T234,2
3N12 (08/08/2011 - 09/12/2011),2
4N34 6N12 (16/08/2010 - 17/12/2010),2
2M345 3M5,2
36T45 (08/08/2011 - 09/12/2011),2
234567M2345  234567T2345 (22/05/2017 - 27/05/2017),2
2M12345 3M1234  6T2345 (20/11/2017 - 19/04/2018),2
2T45 6M34,2
2T45 6T345,2
6M23  4T23 5T45,2
2M5  2T5,2
4N234,2
6M45  4T34,2
25T12,2
3T45 6T23 (28/02/2011 - 01/07/2011),2
4T2345 (28/02/2011 - 01/07/2011),2
2T45 4T34,2
26M2345,2
67T12345,2
4M23  4T23,2
4M34  3T45,2
4T23 6T12,2
2345M12345 (08/08/2011 - 09/12/2011),1
35M23 (08/08/2011 - 09/12/2011),1
45T345,1
2T23 6M12 (08/08/2011 - 09/12/2011),1
2M34 4M12 (08/08/2011 - 09/12/2011),1
3M2345  7N1234,1
3T23 4T2345,1
3M1  3T5 5T34,1
45M34 (28/02/2011 - 01/07/2011),1
5T45 6M12 (28/02/2011 - 01/07/2011),1
36T23 (16/08/2010 - 17/12/2010),1
4M34  2N12,1
7M2345 (26/11/2012 - 10/04/2013),1
6M23 7M34 (16/08/2010 - 17/12/2010),1
3M12 3T12,1
46M2345 (13/08/2018 - 14/12/2018),1
67T45 (05/03/2010 - 12/06/2010),1
6N12 7N34,1
3M12 5T45 (28/02/2011 - 01/07/2011),1
6M14  6T45 (16/08/2010 - 17/12/2010),1
4M45  5T23,1
3M2345  3T2345 (05/09/2017 - 10/10/2017),1
2T123 4T12 (08/08/2011 - 09/12/2011),1
5M1 6M123,1
7M23  35N34,1
6T12 7T23,1
5M2345 (21/08/2018 - 21/12/2018),1
3M1 5M123,1
2346T34 (28/02/2011 - 01/07/2011),1
6M12 7M45 (16/08/2010 - 17/12/2010),1
6M12  4T12,1
2T23 4T45 (28/02/2011 - 01/07/2011),1
4M345 5M12 (08/08/2011 - 09/12/2011),1
3T34  2N34,1
2345M2345 (23/11/2016 - 02/12/2016),1
3T34 6T45,1
2M34 6M45 (28/02/2011 - 01/07/2011),1
2T2 3T23,1
4M12 5T12,1
3T1234  56N12,1
2M45 4M34 (08/08/2011 - 09/12/2011),1
6M345  3T12345,1
23456T123,1
3T2345 (28/02/2011 - 01/07/2011),1
7M45  7T12,1
7M45  5N12,1
4N1234 (07/08/2017 - 14/10/2017),1
5T45  4N34,1
2T34 (13/03/2017 - 15/07/2017),1
5M123 (16/08/2010 - 17/12/2010),1
4M123 5M3,1
3T2345 (16/08/2010 - 17/12/2010),1
5M345 (28/02/2011 - 01/07/2011),1
3M45  2T12,1
2T45 4T23 (26/11/2012 - 10/04/2013),1
23M12 (08/08/2011 - 09/12/2011),1
67T45,1
3M2345 (07/08/2017 - 15/12/2017),1
35M45 (08/08/2011 - 09/12/2011),1
4T345 (08/08/2011 - 09/12/2011),1
5N234,1
35M12345 4M345  2T345,1
3M1234  3T1234,1
7M12  5N34 6N12,1
23456M2345  23456T2345 (20/08/2018 - 31/08/2018),1
35M12345  3T12345 (20/02/2018 - 22/02/2018), 35M12345  3T12345 (06/03/2018 - 08/03/2018),1
6T23 7M23 (08/08/2011 - 09/12/2011),1
3M34  4T12,1
5M12  5T23,1
7M234 (07/08/2017 - 09/12/2017),1
24T123,1
3T5 6T123,1
4M2345 (07/08/2017 - 15/12/2017),1
2T45  2N1 (09/04/2018 - 11/06/2018),1
345M2345  345T12345 (17/04/2018 - 26/04/2018),1
3N34 5N1,1
234567M2345,1
23M45 (28/02/2011 - 01/07/2011),1
36T2345 (06/06/2017 - 13/07/2017),1
3T123 6T12 (08/08/2011 - 09/12/2011),1
36M34 (16/08/2010 - 17/12/2010),1
46T23 (08/08/2011 - 09/12/2011),1
24T45 (16/08/2010 - 17/12/2010),1
6T123 (28/02/2011 - 01/07/2011),1
6T345 (08/08/2011 - 09/12/2011),1
5M1  3T34 5T5,1
34T45 (28/02/2011 - 01/07/2011),1
3T45  4N34,1
7T12345,1
5N34 (28/02/2011 - 01/07/2011),1
6N34 (08/08/2011 - 09/12/2011),1
5T1245,1
7M2345  7T1  6N1234,1
3T32,1
356T12345,1
4M1  2T34 4T5,1
2M45 4M34 (28/02/2011 - 01/07/2011),1
23M123,1
2356M2345 (22/10/2018 - 06/11/2018),1
4M45  3T34,1
4T23 5M34 (08/08/2011 - 09/12/2011),1
3M12  3T45 (28/02/2011 - 01/07/2011),1
7M1  5N1234,1
6M123  6T12,1
3M3,1
5M2345  4T2345 (17/05/2018 - 23/05/2018),  5T2345 (24/05/2018 - 24/05/2018), 6M2345 (25/05/2018 - 08/06/2018),1
4M23 6M45 (28/02/2011 - 01/07/2011),1
5T23  3N12,1
35M12345  3T45,1
24T23 (16/08/2010 - 17/12/2010),1
356M2345  56T2345 (01/06/2018 - 08/06/2018), 356M2345 (12/06/2018 - 15/06/2018),1
6M45  4T45,1
5M34  2T23,1
34T12  34N12,1
4M123 (16/08/2010 - 17/12/2010),1
46T45 (16/08/2010 - 17/12/2010),1
7M34  45N34,1
4M1234 (28/02/2011 - 01/07/2011),1
7M234  2T123,1
4T45  5N12,1
4T2345 5M12 (28/02/2011 - 01/07/2011),1
6N1234 (08/08/2011 - 09/12/2011),1
2N34 4N12 (16/08/2010 - 17/12/2010),1
3T45 5T21,1
5M345 6M5,1
7M2,1
2M12 46M34,1
2M2345 (01/10/2018 - 01/10/2018), 2345M2345 (08/10/2018 - 11/10/2018), 23456M2345  23456T2345 (15/10/2018 - 19/10/2018), 2M2345 (12/11/2018 - 12/11/2018),1
5T1,1
3T45 5T4,1
4T2345  3N1234,1
46M43,1
4T45 (08/08/2011 - 09/12/2011),1
4M2345 (21/02/2018 - 20/06/2018),1
3M12  3T12 (28/02/2011 - 01/07/2011),1
3T123 (08/08/2011 - 09/12/2011),1
4M12 5T45 (08/08/2011 - 09/12/2011),1
5M23  2T45,1
5M12 6M45 (28/02/2011 - 01/07/2011),1
2N2,1
4T23 6T45 (28/02/2011 - 01/07/2011),1
5T23 (13/08/2018 - 14/12/2018),1
5T43,1
456M12345 (05/10/2015 - 08/10/2015),1
4567N1234,1
6M12  3T12,1
5M34 6M23 (13/03/2017 - 15/07/2017),1
3M1 5M345,1
23456M2345  23456T2345 (23/04/2018 - 01/05/2018), 4M2345 (02/05/2018 - 02/05/2018),1
6M45 5M34 (28/02/2011 - 01/07/2011),1
4M1234  4N1234,1
5T2345 (16/11/2017 - 16/11/2017), 67M2345  67T2345 (17/11/2017 - 09/12/2017),1
5N1234 7N1,1
3N12 6N43,1
6M1  6T5  5N12,1
2M12 5M345,1
6M345  6T4,1
2N1243,1
5T4,1
7M12345  7T12  6N1234,1
67M345,1
6T43  2N12,1
7M12  6N12,1
5M1234 (07/08/2017 - 09/12/2017),1
4T12 6T34 (16/08/2010 - 17/12/2010),1
2T12 (07/08/2017 - 15/12/2017),1
67M12 (05/03/2010 - 12/06/2010),1
35M1234,1
34M45  4T45,1
5M23 5M45 (08/08/2011 - 09/12/2011),1
6T2345 (07/08/2017 - 15/12/2017),1
7M2  25N34,1
2T34 6T12,1
6M34 (28/02/2011 - 01/07/2011),1
23456M2345  23456T2345 (03/04/2017 - 07/04/2017),1
6M123 (28/02/2011 - 01/07/2011),1
23456M2345  23456T2345 (25/09/2017 - 06/10/2017),1
5M12 (07/08/2017 - 09/12/2017),1
7M34  6T34 (04/01/2010 - 13/02/2010),1
6M45  5T12 (16/08/2010 - 17/12/2010),1
7M123  4T345,1
2M23  3T23,1
67T23 (15/10/2010 - 18/12/2010),1
3M123 4M1,1
5M2345 (13/03/2017 - 30/06/2017),1
67M5  6T45,1
34T34  34N34,1
4T5  4N12,1
6M2345 (27/03/2017 - 15/07/2017),1
3T45 5T23 (26/11/2012 - 10/04/2013),1
7T2345 (26/11/2012 - 10/04/2013),1
6M345  6T2,1
24N12 3N1234,1
56M1  56T5,1
23456M2345 (10/09/2018 - 21/09/2018),1
3M12 4T45 (28/02/2011 - 01/07/2011),1
3T12 5T23,1
23456M2345  23456T2345 (20/03/2017 - 24/03/2017),1
3M1 4M45  3T5,1
3T45  2N12,1
2M1,1
6M5  6T123,1
2T123 4T12 (28/02/2011 - 01/07/2011),1
4M1  3T12 4T5,1
3M2345  3T2345 (23/10/2018 - 23/10/2018), 3M2345  3T2345 (30/10/2018 - 30/10/2018), 3M2345  3T2345 (06/11/2018 - 06/11/2018), 3M2345  3T2345 (13/11/2018 - 13/11/2018), 3M2345  3T2345 (20/11/2018 - 20/11/2018), 3M2345  3T2345 (27/11/2018 - 27/11/2018), 3M2345  3T2345 (04/12/2018 - 04/12/2018), 3M2345  3T2345 (11/12/2018 - 11/12/2018),1
3T45 (16/08/2010 - 17/12/2010),1
4N1234 (13/03/2017 - 15/07/2017),1
4M345  4T12345,1
6T5  6N123,1
3T45 4T45 (28/02/2011 - 01/07/2011),1
2N1234 3N34,1
2346M2345  5T2345 (10/05/2018 - 18/05/2018),1
4T23 5T12 (28/02/2011 - 01/07/2011),1
36M2345 (16/03/2017 - 30/06/2017),1
2M23  2T45,1
26M34,1
3T123 6T345,1
5T345 6M45,1
23T234 (19/02/2018 - 09/04/2018),1
7N23,1
2M45 6M12 (28/02/2011 - 01/07/2011),1
7M123  6N4,1
25M1  25T5,1
6M2345 (07/08/2017 - 09/12/2017),1
6M2345  7T1234,1
7T12345  7N1,1
35M12345  45T12345,1
2M45  3T23,1
3T123 5T345,1
3M23  3T45,1
2M45  5T34,1
7M45  6T12 (28/02/2011 - 01/07/2011),1
6M2345  6T2345 (26/10/2018 - 26/10/2018), 6M2345  6T2345 (09/11/2018 - 09/11/2018), 6M2345  56T2345 (22/11/2018 - 23/11/2018), 6M2345 (30/11/2018 - 30/11/2018),1
6T2345 (13/03/2017 - 15/07/2017),1
6T12 7T34,1
7M1234  23456N1234,1
4M1234  3N34 6N12,1
46M12 (08/08/2011 - 09/12/2011),1
3M23 4M34 (08/08/2011 - 09/12/2011),1
2M12 4M12,1
6T12 (07/08/2017 - 09/12/2017),1
3T12 5M12,1
23456N123 (24/01/2011 - 09/02/2011),1
4M34  5T21,1
5M12  3T12,1
2T45 6M34 (28/02/2011 - 01/07/2011),1
2M45 5M123,1
3T345 4M12 (08/08/2011 - 09/12/2011),1
3N34 4N12 (08/08/2011 - 09/12/2011),1
23456N123 (25/01/2011 - 09/02/2011),1
5T1234 (13/08/2018 - 14/12/2018),1
46M45 (16/08/2010 - 17/12/2010),1
4T45 6M34,1
5T45  3N12,1
23456M2345  23456T2345 (22/10/2018 - 27/10/2018),1
57M12,1
2M45 4M12 (28/02/2011 - 01/07/2011),1
4M345 6M3,1
4M23 (28/02/2011 - 01/07/2011),1
2T45 5T45,1
7M23451  7T23451  6N1234,1
3M45  6T12,1
3T5 5T345,1
3T45 6M12 (08/08/2011 - 09/12/2011),1
6N3412,1
2T23 (13/08/2018 - 14/12/2018),1
2M23 5M34,1
36T23 (28/02/2011 - 01/07/2011),1
4M3 5M345,1
7M12345  7T12345  23456N1234,1
4M1  4T5 6T34,1
6T345 (28/02/2011 - 01/07/2011),1
6M45  7T34 (04/01/2010 - 13/02/2010),1
2M23  5T345,1
47M234,1
3N34 6N12 (16/08/2010 - 17/12/2010),1
2T123 (28/02/2011 - 01/07/2011),1
45T123,1
2N12 (16/08/2010 - 17/12/2010),1
23456M2345 (23/10/2017 - 07/11/2017),1
3T1234  3N1234,1
67M12 (15/10/2010 - 18/12/2010),1
2T345 4T5,1
27T123,1
234567N1234,1
5M23  4T45,1
23456M234,1
7T34  6N34 (15/03/2010 - 16/07/2010),1
6M45  6T12,1
3T1,1
23456M234 (10/01/2011 - 18/02/2011),1
3T5  3N1234 (24/10/2016 - 18/02/2017),1
2M23 4M12,1
6T12 7T123,1
5M23  6T45,1
4M2345 (30/08/2017 - 30/08/2017), 23456M2345 (04/12/2017 - 13/12/2017),1
1M123,1
3M123 (28/02/2011 - 01/07/2011),1
5M1234 (19/02/2018 - 22/06/2018),1
23M12  6N12,1
7T345  7N1,1
67M34 (15/10/2010 - 18/12/2010),1
2N1,1
5M34  4T45,1
267M2345  267T2345 (09/11/2018 - 12/11/2018), 27M2345  27T2345 (24/11/2018 - 26/11/2018), 267M2345  267T2345 (30/11/2018 - 03/12/2018), 267M2345  267T2345 (07/12/2018 - 10/12/2018),1
5T23 (28/02/2011 - 01/07/2011),1
6T1234 (13/08/2018 - 14/12/2018),1
6M123 7M231  6T453 7T123,1
23456M234 (25/01/2011 - 09/02/2011),1
23T1234,1
2T123 (08/08/2011 - 09/12/2011),1
67M2345  67T2345 (16/11/2017 - 09/12/2017),1
2T2345 (05/03/2018 - 22/06/2018),1
2T12 (08/08/2011 - 09/12/2011),1
4M23  6T12,1
2T45 4T45 (08/08/2011 - 09/12/2011),1
3N2341,1
5M12  5T45,1
4M1  4T5  2N12,1
7M123  7T123,1
2T12 4T345,1
2346M2345  2345T2345 (07/08/2017 - 11/08/2017),1
5M23  2T23,1
4M45  5T34,1
6M12 7M123 (14/09/2012 - 22/12/2012),1
2M45 4M12  (08/08/2011 - 09/12/2011),1
7T45  7N12,1
3T345 4M12 (28/02/2011 - 01/07/2011),1
3M12  5T23,1
6N12 6N34 (28/02/2011 - 01/07/2011),1
25T45 (28/02/2011 - 01/07/2011),1
6M12 (16/08/2010 - 17/12/2010),1
3T45 (08/08/2011 - 09/12/2011),1
2M345  2T1,1
3T23 (28/02/2011 - 01/07/2011),1
7M12345  6N1234,1
3M345  6T12,1
5T45 (08/08/2011 - 09/12/2011),1
6M1234 (28/02/2011 - 01/07/2011),1
5T45 6M12 (08/08/2011 - 09/12/2011),1
245M1234  245T3452,1
4M34  2T12,1
3M3451  3N1234,1
6M2345 (28/02/2011 - 01/07/2011),1
37M2345,1
6T23 (19/02/2018 - 22/06/2018),1
6M45  6T1,1
2N12 5N34 (16/08/2010 - 17/12/2010),1
2T123 4T1,1
2M123 5M34 (28/02/2011 - 01/07/2011),1
4T3 5T345,1
2T2345 (13/08/2018 - 02/10/2018),  2T2345 (15/10/2018 - 14/12/2018),1
2T45 5T23 (28/02/2011 - 01/07/2011),1
5M12  6T23,1
35N12 (28/02/2011 - 01/07/2011),1
2T54 5T45,1
7M1,1
36M2345 (13/03/2017 - 15/07/2017),1
23N1234,1
7M12  3N12,1
4N12 6N43,1
34N34 (28/02/2011 - 01/07/2011),1
3T5 5T123,1
6T45  7N12,1
2M12  3T45,1
3T34  2N12,1
36T45 (28/02/2011 - 01/07/2011),1
2M12 4M45 (28/02/2011 - 01/07/2011),1
6M45 5M34,1
23456M2345  23456T2345 (30/03/2017 - 07/04/2017),1
7M12345  6T5 7T12345  6N01234,1
5M45  3N12,1
2M12 6M45 (28/02/2011 - 01/07/2011),1
23456M234 (03/01/2011 - 21/01/2011),1
4M1423,1
4M23  4T45,1
46M34 (16/08/2010 - 17/12/2010),1
2M123 6M34 (28/02/2011 - 01/07/2011),1
6N34 7N12,1
2T45 6T345 (28/02/2011 - 01/07/2011),1
2M45  4T12,1
4M2345 (13/08/2018 - 17/10/2018), 4M2345 (29/10/2018 - 14/12/2018),1
2M2345  2T2345 (05/03/2018 - 05/03/2018),  2T2345 (12/03/2018 - 16/04/2018),1
2T2345 (07/08/2017 - 15/12/2017),1
6M2345  4T2345 (21/02/2018 - 09/03/2018), 46M2345 (14/03/2018 - 16/03/2018), 6M2345  4T2345 (21/03/2018 - 23/03/2018), 7M2345 (05/05/2018 - 02/06/2018),1
2M5  2T1,1
4T2345 (26/04/2017 - 26/04/2017), 5M2345  45T2345 (10/05/2017 - 11/05/2017), 5M2345  45T2345 (24/05/2017 - 25/05/2017), 56M2345  456T2345 (07/06/2017 - 09/06/2017),1
6N1234 (27/03/2017 - 15/07/2017),1
2T23 (19/02/2018 - 22/06/2018),1
4M1234 (19/02/2018 - 22/06/2018),1
235T12345,1
7M2345  7T2345  6N1234,1
5M21,1
5T1 6T123,1
3M12 (28/02/2011 - 01/07/2011),1
4M34  3T345,1
2T12 6T123,1
3T123 5T2,1
6M34  2T45,1
5M23 6T34 (08/08/2011 - 09/12/2011),1
6M45  4N23,1
2T45 3T45 (28/02/2011 - 01/07/2011),1
4M23  3T12,1
3M34 (16/08/2010 - 17/12/2010),1
3M1234 (13/03/2017 - 15/07/2017),1
4M2345  6N1234,1
6T1234 (28/02/2011 - 01/07/2011),1
2T345 (28/02/2011 - 01/07/2011),1
7T12345  27N1234,1
2N34 5N12 (16/08/2010 - 17/12/2010),1
2356N34 4N1234 (13/08/2018 - 22/08/2018),  5N1234 (23/08/2018 - 23/08/2018),  26N34 3N12 (24/08/2018 - 28/08/2018),1
3M12 3T45,1
2M2345 (01/10/2018 - 01/10/2018), 23456M2345 (08/10/2018 - 11/10/2018), 23456M2345  23456T2345 (15/10/2018 - 19/10/2018),1
2T2345 (05/03/2018 - 16/04/2018),1
6T2345  5N1234,1
7M12345,1
7M2345  6T12,1
4T2345 5M34,1
5M1243,1
2M5  2T12345,1
7M2  46N12,1
6M2345 (08/08/2011 - 09/12/2011),1
234567M345,1
23456N123 (16/10/2017 - 27/10/2017),1
2N12 5N34 (08/08/2011 - 09/12/2011),1
4M23  5T23,1
2345T2,1
36T1234 (13/03/2017 - 15/07/2017),1
2T12 (19/02/2018 - 22/06/2018),1
2M34 2T45  (08/08/2011 - 09/12/2011),1
2M345 5M3,1
3T123 6T12 (28/02/2011 - 01/07/2011),1
6M123 (08/08/2011 - 09/12/2011),1
7M45  2N12,1
5M45  4T34,1
2M12 (13/03/2017 - 15/07/2017),1
23456T1234,1
7T234,1
3M34  2T23 (28/02/2011 - 01/07/2011),1
2T12345  2N1234,1
235M2345 (02/04/2018 - 12/04/2018), 2M2345  2T2345 (16/04/2018 - 16/04/2018), 235M2345  2T2345 (23/04/2018 - 26/04/2018),1
4M45  4T12,1
2345N1234 (28/02/2011 - 01/07/2011),1
2T45  2N1,1
23456M2345  23456T1234 (08/01/2018 - 26/01/2018),1
7M12345  7T12345  7N12,1
5T12 6M34,1
6T45 7T12,1
24N12 (16/08/2010 - 17/12/2010),1
67M12  7T23,1
5N12 5N34,1
3T2345 (21/08/2018 - 21/12/2018),1
5M34  5T45,1
24M123,1
4N12 7N1234,1
6M34 (16/08/2010 - 17/12/2010),1
7N12 (16/08/2010 - 17/12/2010),1
2T45 6T34,1
5M12  4T12,1
2M123 6M34 (08/08/2011 - 09/12/2011),1
23456M2345 (15/10/2018 - 24/10/2018), 5M2345  5T2345 (25/10/2018 - 25/10/2018), 23M2345  23T2345 (29/10/2018 - 30/10/2018),1
46T123,1
67N12,1
3M45  5T34,1
2N34 67N12,1
7M34  6T34 (15/03/2010 - 16/07/2010),1
2M1 3M23  2T5,1
3T12 5M45,1
3N34 5N1234 6N12,1
3M2345 (21/08/2018 - 21/12/2018),1
46T45 (08/08/2011 - 09/12/2011),1
23456M2345 (17/01/2011 - 31/01/2011),1
7M12  2N34 3N12,1
2N23,1
4T45 5T23 (28/02/2011 - 01/07/2011),1
4N1234 (19/02/2018 - 22/06/2018),1
7T345,1
23456M2345 (03/04/2017 - 25/04/2017),1
2M1 3M45  2T5,1
4T12 (13/03/2017 - 30/06/2017),1
3M23  2T12,1
6M34  4T34,1
2346M2345  2346T2345 (08/05/2017 - 12/05/2017), 7M2345 (13/05/2017 - 13/05/2017), 234M2345  234T2345 (15/05/2017 - 17/05/2017),1
5M23 6T34 (28/02/2011 - 01/07/2011),1
4T45  2N12,1
67M12 (02/07/2010 - 18/09/2010),1
2M23 6M34,1
24T23 (27/02/2012 - 28/06/2012),1
45T34,1
2T45 3M12 (28/02/2011 - 01/07/2011),1
4T23 5M34 (28/02/2011 - 01/07/2011),1
3M12 4M23,1
6M23  4T34,1
6M12 7M34,1
2T345 4T12,1
5M3425  4T25,1
4M1234  6T1234 (21/05/2018 - 17/09/2018),1
23456M234 (24/01/2011 - 09/02/2011),1
3M23  4T45 5T23,1
7M12345  7T1234  6N1234,1
35N23,1
4T1234 (07/08/2017 - 15/12/2017),1
3M4 4M45,1
4T45 6T23 (08/08/2011 - 09/12/2011),1
7T12  6N12 (16/08/2010 - 17/12/2010),1
3T45 6M12 (28/02/2011 - 01/07/2011),1
4M2345 (28/02/2011 - 01/07/2011),1
3M34 4T45 (28/02/2011 - 01/07/2011),1
5M23  4T12,1
3T23 5M12,1
4M34 5T45,1
2T54 4T45,1
7M23  36N34,1
5M23 6M123,1
3T2345 (27/03/2017 - 15/07/2017),1
2T23 5T34,1
3M23 (08/08/2011 - 09/12/2011),1
4N12 6N34 (16/08/2010 - 17/12/2010),1
35T12345,1
234N1,1
6M2345 (01/08/2016 - 03/12/2016),1
67T23 (02/07/2010 - 18/09/2010),1
5T45 (01/08/2016 - 03/12/2016),1
34T23 (28/02/2011 - 01/07/2011),1
67M23,1
2M12 7M23,1
3M1234 (19/02/2018 - 22/06/2018),1
2M34 3M12 (08/08/2011 - 09/12/2011),1
4M34 4T12,1
5T2345 (21/08/2018 - 21/12/2018),1
2T45 3T23 (28/02/2011 - 01/07/2011),1
6M123 (15/03/2010 - 16/07/2010),1
46M1234,1
5T34 6T23,1
234M12,1
5T2345  4N1234,1
4T12345 5T345,1
3M34  3T23 (28/02/2011 - 01/07/2011),1
3M12 4T45,1
46T1234 (01/08/2016 - 03/12/2016),1
2M345 5T23,1
34M12 (28/02/2011 - 01/07/2011),1
7M45  6T45,1
2N1234 (27/03/2017 - 15/07/2017),1
2N1234 35N12,1
36M2345 (17/08/2018 - 31/12/2018),1
5T2345 (27/03/2017 - 15/07/2017),1
3T123 6T45,1
3M12345  46T12345,1
6M123  4T345,1
3M3452,1
2T45 3T45,1
67T1234,1
6M2345 (21/08/2018 - 21/12/2018),1
7M12 (08/08/2011 - 09/12/2011),1
3T23 5T45 (26/11/2012 - 10/04/2013),1
5M34 (13/08/2018 - 14/12/2018),1
4M43,1
7M12  6T12 (15/03/2010 - 16/07/2010),1
256M2345  2T2345 (05/10/2017 - 30/10/2017),1
46N34 (16/08/2010 - 17/12/2010),1
5T12345,1
2T3 3T345,1
3N12 (16/08/2010 - 17/12/2010),1
2M45  2T12,1
24T45 (27/02/2012 - 28/06/2012),1
4T45  4N12,1
2T2345 (20/08/2018 - 21/12/2018),1
3T45 7T23,1
5M23  3T45,1
35T45 (28/02/2011 - 01/07/2011),1
3M1234 (08/08/2011 - 09/12/2011),1
25T45 (08/08/2011 - 09/12/2011),1
3N12 4N34 (16/08/2010 - 17/12/2010),1
5M45 6M12 (13/08/2018 - 14/12/2018),1
2T45  6N12,1
23456M2345 (08/10/2018 - 19/10/2018),1
6M12  6T12,1
4M12 5T45,1
24N34 (27/02/2012 - 28/06/2012),1
5M34  2T45,1
2T23 4T45 (26/11/2012 - 10/04/2013),1
5M5  5T12,1
6M34  2T123,1
234N2,1
5M34  3T23,1
35T23 (08/08/2011 - 09/12/2011),1
4T34 6T12 (16/08/2010 - 17/12/2010),1
4T1 5T345,1
36M34 (08/08/2011 - 09/12/2011),1
23456N1234 (19/11/2018 - 23/11/2018),  23456N1234 (26/11/2018 - 30/11/2018),1
67M12345  2567T12345,1
4M1  4T5 5T12,1
2M123 (28/02/2011 - 01/07/2011),1
2T45 (19/02/2018 - 22/06/2018),1
6M43,1
3T23 4T45 (28/02/2011 - 01/07/2011),1
35M12 (16/08/2010 - 17/12/2010),1
6N12 (19/02/2018 - 22/06/2018),1
2T23 4T123,1
4M12  2N34,1
35T2345,1
5M45  5T1,1
3M2345  3T2345 (08/08/2017 - 08/08/2017),  3T2345 (15/08/2017 - 29/08/2017), 3M2345  3T2345 (05/09/2017 - 05/09/2017),  3T2345 (12/09/2017 - 26/09/2017), 3M2345  3T2345 (03/10/2017 - 03/10/2017),  2T2345 (09/10/2017 - 09/10/2017),  3T2345 (17/10/2017 - 24/10/2017),1
3T23 5T2,1
2N34 5N12 (08/08/2011 - 09/12/2011),1
3T3 4T34,1
5M5,1
2M2345 (13/08/2018 - 14/12/2018),1
5M23 5T45 (08/08/2011 - 09/12/2011),1
5M12  6T45,1
6M2341,1
3T23 (08/08/2011 - 09/12/2011),1
7M3  5N34,1
4M12  6N12,1
2T123 6T12 (28/02/2011 - 01/07/2011),1
7T23451,1
6M345  6T1 (13/08/2018 - 14/12/2018),1
3N34 5N12 (26/11/2012 - 10/04/2013),1
4T345 (28/02/2011 - 01/07/2011),1
2M123 5M3,1
4M1234 (07/08/2017 - 09/12/2017),1
2T345 (08/08/2011 - 09/12/2011),1
4M1234  6N1234,1
5T123 (16/08/2010 - 17/12/2010),1
235M2345 (05/03/2018 - 20/03/2018),1
67T123 (15/06/2012 - 01/09/2012),1
3N12 4N34 (28/02/2011 - 01/07/2011),1
34T123,1
7M5  7T23451,1
2N34 4N12 (28/02/2011 - 01/07/2011),1
2N34 4N12 (08/08/2011 - 09/12/2011),1
5T2345 (28/02/2011 - 01/07/2011),1
3T45  6N12,1
2M12  2T23,1
6M123  6T123,1
2T123 6T12,1
4M34 5T12 (28/02/2011 - 01/07/2011),1
4M123 5M1,1
4M34 6M45 (28/02/2011 - 01/07/2011),1
5T45 6M12,1
2N12 4N34 (16/08/2010 - 17/12/2010),1
4T45 5T12 (28/02/2011 - 01/07/2011),1
4M1234 (08/08/2011 - 09/12/2011),1
2T45 3T4,1
7N123,1
3456M2345  35T2345 (23/05/2017 - 26/05/2017), 23M2345 (29/05/2017 - 30/05/2017),1
2M1 5M345,1
7T12  6N12 (15/03/2010 - 16/07/2010),1
2345N1234 (08/08/2011 - 09/12/2011),1
2M2345 (13/03/2017 - 15/07/2017),1
4T231,1
2T123 (09/04/2018 - 11/06/2018),1
35M1234 (08/08/2017 - 14/09/2017),1
3T34 4T23,1
24M5,1
3M345 (28/02/2011 - 01/07/2011),1
6T1234  2345N1234,1
2T123 6M45,1
2M34  4T24,1
2T12 4T23 (16/08/2010 - 17/12/2010),1
5M23 5M45 (28/02/2011 - 01/07/2011),1
35M5,1
7M2  6N12,1
6N1234 (18/08/2017 - 09/12/2017),1
4M34 5M45,1
2M12 (07/08/2017 - 09/12/2017),1
356M12345  56T12345,1
35N34 (08/08/2011 - 09/12/2011),1
2T345 5T5,1
25T45 (16/08/2010 - 17/12/2010),1
4M2345  4T12345 (04/10/2017 - 05/11/2017), 4M2345  4T12345 (13/11/2017 - 16/11/2017),1
35M2345  4T2345 (14/03/2017 - 16/03/2017), 356M2345  4T2345 (21/03/2017 - 24/03/2017), 356M2345  6T2345 (28/03/2017 - 31/03/2017),1
3N34 6T12,1
35N34 (28/02/2011 - 01/07/2011),1
234M2,1
6M12 (13/08/2018 - 14/12/2018),1
5M45  2T23,1
23456M2345  23456T2345 (23/10/2017 - 31/10/2017),1
7M12  3N12 5N34,1
3M45  4T123,1
3M123 (08/08/2011 - 09/12/2011),1
4M45 (28/02/2011 - 01/07/2011),1
36M12 (28/02/2011 - 01/07/2011),1
24T45 (08/08/2011 - 09/12/2011),1
4M34 5T45 (28/02/2011 - 01/07/2011),1
5T23  2N34,1
6T23 7M45 (08/08/2011 - 09/12/2011),1
3T2345 (05/09/2017 - 05/09/2017), 56M2345  3T2345 (12/09/2017 - 22/09/2017),  3T2345 (26/09/2017 - 26/09/2017),1
4M2345 (08/08/2011 - 09/12/2011),1
4M45 6M23 (08/08/2011 - 09/12/2011),1
2M2345  5T2345 (16/03/2017 - 27/03/2017), 25M2345  2345T2345 (10/04/2017 - 13/04/2017), 23M2345  4T2345 (17/04/2017 - 19/04/2017), 2M2345 (05/06/2017 - 05/06/2017),1
2T45 6M123,1
3M2345 (27/03/2017 - 15/07/2017),1
3456N1234 (06/11/2018 - 09/11/2018),  2T2345  23456N1234 (12/11/2018 - 16/11/2018),1
2M45  3N34,1
2T12  5N34,1
2T1 4T123,1
5N231,1
234567M12345,1
35M234,1
23456N123 (13/03/2017 - 24/03/2017),1
7M1234  7T12,1
5T2345 (16/03/2017 - 16/03/2017), 2M2345  5T2345 (20/03/2017 - 27/03/2017),  4T2345 (29/03/2017 - 29/03/2017), 25M2345  2345T2345 (10/04/2017 - 13/04/2017), 23M2345  4T2345 (17/04/2017 - 19/04/2017), 2M2345 (05/06/2017 - 05/06/2017),1
6M1  2T45 6T5,1
5T1 6T345,1
23456N12,1
4T45  6N12,1
27M234,1
2T34 (19/02/2018 - 22/06/2018),1
5T34 6T12,1
3T45 4T12,1
3T345 (08/08/2011 - 09/12/2011),1
4T23 (19/02/2018 - 22/06/2018),1
7M12  2N12 5N34,1
2T12 3T34,1
3N12 5N34 (16/08/2010 - 17/12/2010),1
7M12  6T12 (04/01/2010 - 13/02/2010),1
4T45  3N34,1
5T123 (08/08/2011 - 09/12/2011),1
4M345  2T23,1
4T23  3N12,1
3N1342,1
7M1  4N34 6N12,1
4M2345  3N1234,1
6M45  2N34,1
5T12  2N34,1
3M12  2T23,1
3M34 3T23 (08/08/2011 - 09/12/2011),1
36M45 (28/02/2011 - 01/07/2011),1
36M12  (08/08/2011 - 09/12/2011),1
5M12 5M45 (28/02/2011 - 01/07/2011),1
6M34  5T45,1
4M34 4T12 (28/02/2011 - 01/07/2011),1
5M345  5T2,1
23M2345 (19/02/2018 - 09/04/2018),1
3T12 3T45 (28/02/2011 - 01/07/2011),1
6M123 (01/03/2010 - 02/07/2010),1
2M2 3M123,1
5M2345 (28/02/2011 - 01/07/2011),1
23456M2345  23456T2345 (19/11/2018 - 23/11/2018),1
3M5  3T12345,1
6M5  6T5,1
3M12 3M34,1
6T45  6N34,1
234T45,1
345M45,1
4T123 5T1,1
23456M2345 (02/04/2018 - 16/04/2018),1
6M34  3T45 (28/02/2011 - 01/07/2011),1
67T2345,1
4M43 6M45,1
35T2345 (17/04/2017 - 16/06/2017),1
3N34 6N12 (28/02/2011 - 01/07/2011),1
4T2345 5M12,1
6T2345 (17/08/2018 - 17/08/2018), 345M2345  345T2345 (04/12/2018 - 06/12/2018),1
3M45 5M43,1
23456M2345  23456T2345 (24/09/2018 - 05/10/2018),1
24T12345 (20/08/2018 - 22/08/2018),  24T12345 (03/09/2018 - 24/09/2018),1
2T1245,1
6T45  7N12 (16/08/2010 - 17/12/2010),1
7N1234 (28/02/2011 - 01/07/2011),1
23456M12345,1
2N3,1
7M12 (28/02/2011 - 01/07/2011),1
3M12  4T23 (28/02/2011 - 01/07/2011),1
4M23 (13/08/2018 - 14/12/2018),1
234N123 (19/02/2018 - 21/03/2018),1
6T12 7T45,1
2M123 3M3,1
5M45  2T34,1
6T12345,1
7M45  6T23,1
3T345 4M12,1
3M34 5M345,1
3T1234 (19/02/2018 - 22/06/2018),1
7T12  6N12,1
26T34,1
6M2345 (18/08/2017 - 09/12/2017),1
3T12 5T34 (28/02/2011 - 01/07/2011),1
7M23  6T12 (28/02/2011 - 01/07/2011),1
3M1234 (28/02/2011 - 01/07/2011),1
6T345  6N1,1
3M1243,1
5M345 (08/08/2011 - 09/12/2011),1
67M34 (05/03/2010 - 12/06/2010),1
4M12345  3456T12345,1
2M345  3T23,1
3N34 4N12 (28/02/2011 - 01/07/2011),1
2M12 6M12345,1
234M123  234N234,1
6T345 (19/02/2018 - 22/06/2018),1
234N4,1
6T12 7T123 (14/09/2012 - 22/12/2012),1
7M34  6T34 (02/07/2010 - 18/09/2010),1
6M2345  4T2345 (21/02/2018 - 23/03/2018), 7M2345 (05/05/2018 - 02/06/2018),1
6T45  5N34,1
2M34  2T45 (28/02/2011 - 01/07/2011),1
5M234 (13/03/2017 - 15/07/2017),1
2M123 6M12 (28/02/2011 - 01/07/2011),1
5M23 5M45,1
5T45  46N12 5N34,1
3M2345 (14/03/2017 - 14/03/2017), 23M2345 (20/03/2017 - 18/04/2017),1
5M45  4T12,1
46T45 (28/02/2011 - 01/07/2011),1
2M34 6M23,1
2M2345 (08/08/2011 - 09/12/2011),1
2T2345 3T2453,1
36T1234 (13/03/2017 - 30/06/2017),1
4M23 (13/03/2017 - 30/06/2017),1
2T23 4M23,1
26T45,1
7M12  3N12 6N34,1
2M123 5M1,1
2N12 4N34 (26/11/2012 - 10/04/2013),1
23456T23,1
67T23 (05/03/2010 - 12/06/2010),1
25T123,1
5M2345  46T2345 (22/03/2017 - 24/03/2017), 5M2345  45T2345 (05/04/2017 - 06/04/2017), 5M2345  5T2345 (27/04/2017 - 27/04/2017),1
23M5,1
36T1234 (01/07/2018 - 31/12/2018),1
6T23 (13/08/2018 - 14/12/2018),1
5M23 5T45 (28/02/2011 - 01/07/2011),1
7T45  6N34 (16/08/2010 - 17/12/2010),1
4M12 4T45,1
23456M2345 (03/01/2011 - 21/01/2011),1
5M23 6T34,1
2M45 6M12 (08/08/2011 - 09/12/2011),1
46M23 (08/08/2011 - 09/12/2011),1
5M23 5T45,1
2M34 4T23 (08/08/2011 - 09/12/2011),1
4N1234 56N34,1
6M12  2T45,1
4T34  6N34,1
2N34 5N12 (28/02/2011 - 01/07/2011),1
3M123 4M3,1
4T34 5T12,1
2T23 5T34 (28/02/2011 - 01/07/2011),1
3T23 5T45 (28/02/2011 - 01/07/2011),1
3M2345 (28/02/2011 - 01/07/2011),1
2M2345  6T2345,1
3M12 4T45 (08/08/2011 - 09/12/2011),1
45M123,1
3M12 5T45 (08/08/2011 - 09/12/2011),1
6M23  4T12,1
23456M1234  23456T12345,1
6M12  6T123,1
3T34 6T43,1
3M23  2T45,1
2T12 5T21,1
2M12 (19/02/2018 - 22/06/2018),1
2T45 3M12,1
4T23 5M45 (08/08/2011 - 09/12/2011),1
67T345 (15/06/2012 - 01/09/2012),1
3M12 5M45 (28/02/2011 - 01/07/2011),1
3T23 6T45 (28/02/2011 - 01/07/2011),1
2T23 6M12,1
24M34 (08/08/2011 - 09/12/2011),1
3M45  2N12,1
4M45  4T1,1
67T45 (02/07/2010 - 18/09/2010),1
3M45 4T45,1
5M34 (28/02/2011 - 01/07/2011),1
5M12 6M45 (08/08/2011 - 09/12/2011),1
3N12 4N34 (08/08/2011 - 09/12/2011),1
2N12 4N34 (08/08/2011 - 09/12/2011),1
3M2345 (08/08/2011 - 09/12/2011),1
7M12  5N12,1
3M45  4T12,1
2M3 4M345,1
4M23  2T34,1
4T3 6T123,1
6T34  6N12,1
6T2345 (21/08/2018 - 21/12/2018),1
6M34  3T23,1
23456T2345 (23/10/2017 - 01/11/2017),1
2T45 (08/08/2011 - 09/12/2011),1
2M34 6M12 (28/02/2011 - 01/07/2011),1
2T2345 (03/04/2017 - 24/04/2017),  2T2345 (03/07/2017 - 10/07/2017),1
5M2345 (08/08/2011 - 09/12/2011),1
6T45  5N12 6N1234,1
4M15,1
3M45 6T23 (08/08/2011 - 09/12/2011),1
5T5  5N1234 (24/10/2016 - 18/02/2017),1
3M23 5M34,1
3T23  2N34,1
24N12 3N4123,1
23456M23,1
23456M2345  23456T2345 (05/11/2018 - 13/11/2018),1
3M12 3T12 (08/08/2011 - 09/12/2011),1
2M34 (13/03/2017 - 15/07/2017),1
7T23  2N12,1
23456T2345 (10/01/2011 - 04/02/2011),1
